Campo1,Campo2,Texto,Campo,Texto1,Campo3
"
						Dr. Juan Manuel Menéndez García
					",Cardiólogo,"
						
							302
							opinión
						
					","
						<span class=""opinion-numeral font-weight-normal"" data-eecommerce-action=""product-click"">
							302
							opinión
						</span>
					","Jirón Mariscal Miller 1182, Jesús María","
						
							Visita Cardiología
						
													
																																			S/ 200
															
											"
"
						Dr. Marco Antonio La Torre Ortiz
					",Cardiólogo,"
						
							57
							opinión
						
					","
						<span class=""opinion-numeral font-weight-normal"" data-eecommerce-action=""product-click"">
							57
							opinión
						</span>
					","Jirón Mariscal Miller 1182, Jesús María","
						
							Visita Cardiología
						
													
																																			S/ 200
															
											"
"
						Dr. Christian Jesus Guerrero Sánchez
					",Cardiólogo,"
						
							2
							opinión
						
					","
						<span class=""opinion-numeral font-weight-normal"" data-eecommerce-action=""product-click"">
							2
							opinión
						</span>
					","Av. Carlos Izaguirre 930, Los Olivos","
						
							Consulta de Revisión / Visitas sucesivas
						
													
																																			S/ 85
															
											"
"
						Dr. Edgar Quispe Silvestre
					",Cardiólogo,"
						
							5
							opinión
						
					","
						<span class=""opinion-numeral font-weight-normal"" data-eecommerce-action=""product-click"">
							5
							opinión
						</span>
					","Av Pablo Carriquiry 115, San Isidro (al costado de Clínica Ricardo Palma), Lima","
						
							Visita Cardiología
						
													
																																			S/ 120
															
											"
"
						Dr. Jesus A. Meza López
					",Cardiólogo,"
						
							3
							opinión
						
					","
						<span class=""opinion-numeral font-weight-normal"" data-eecommerce-action=""product-click"">
							3
							opinión
						</span>
					",,
"
						Dr. César Nicolás Conde Vela
					",Cardiólogo,"
						
							13
							opinión
						
					","
						<span class=""opinion-numeral font-weight-normal"" data-eecommerce-action=""product-click"">
							13
							opinión
						</span>
					","Avenida Javier Prado Este, 499, San Isidro","
						
							Visitas sucesivas Cardiología
						
													
																																			desde s/ 200
															
											"
"
						Dr. Rodrigo De Pomar Saettone
					",Cardiólogo,"
						
							1
							opinión
						
					","
						<span class=""opinion-numeral font-weight-normal"" data-eecommerce-action=""product-click"">
							1
							opinión
						</span>
					","Avenida Carlos Izaguirre 1331, Lima","
						
							Visita Cardiología
						
													
																																			desde s/ 100
															
											"
"
						Dr. Jefree Fernández Chávez
					",Cardiólogo,"
						
							103
							opinión
						
					","
						<span class=""opinion-numeral font-weight-normal"" data-eecommerce-action=""product-click"">
							103
							opinión
						</span>
					","Jr. Tomas Ramsey 294, Lima","
						
							Consulta de Revisión / Visitas sucesivas
						
													
																																			S/ 150
															
											"
"
						Dra. Hameda Rahimi
					",Cardiólogo,"
						
							36
							opinión
						
					","
						<span class=""opinion-numeral font-weight-normal"" data-eecommerce-action=""product-click"">
							36
							opinión
						</span>
					",,
"
						Dr. Luis Alberto Mejia Vargas Machuca
					",Cardiólogo,"
						
							99
							opinión
						
					","
						<span class=""opinion-numeral font-weight-normal"" data-eecommerce-action=""product-click"">
							99
							opinión
						</span>
					","Av. Roosevelt 6382, Miraflores","
						
							Consulta de Revisión / Visitas sucesivas
						
													
																																			desde s/ 250
															
											"
"
						Dr. Bristan Daniel Maraza Barrio de Mendoza
					",Cardiólogo,"
						
							3
							opinión
						
					","
						<span class=""opinion-numeral font-weight-normal"" data-eecommerce-action=""product-click"">
							3
							opinión
						</span>
					",,
"
						Dr. Miguel Lescano Alva
					",Cardiólogo,"
						
							15
							opinión
						
					","
						<span class=""opinion-numeral font-weight-normal"" data-eecommerce-action=""product-click"">
							15
							opinión
						</span>
					",,
"
						 Pablo Enrique Vivas Abril
					",Cardiólogo,"
						
							4
							opinión
						
					","
						<span class=""opinion-numeral font-weight-normal"" data-eecommerce-action=""product-click"">
							4
							opinión
						</span>
					","Los melones H-5. La Molina, Lima","
						
							Consulta de Revisión / Visitas sucesivas
						
													
																																			S/ 200
															
											"
"
						Dr. Eduardo Canales Mayorga
					",Cardiólogo,"
						
							2
							opinión
						
					","
						<span class=""opinion-numeral font-weight-normal"" data-eecommerce-action=""product-click"">
							2
							opinión
						</span>
					","Av. Javier Prado Este 2638, San Borja","
						
							Consulta de Revisión / Visitas sucesivas
						
													
																																			desde s/ 100
															
											"
"
						Dr. Santiago Vega Vasquez
					",Cardiólogo,"
						
							1
							opinión
						
					","
						<span class=""opinion-numeral font-weight-normal"" data-eecommerce-action=""product-click"">
							1
							opinión
						</span>
					","El Polo 789, Surco","
						
							Visita Cardiología
						
													
																																			S/ 150
															
											"
"
						Dr. Alvaro Villar Quiroz
					","Cardiólogo, Internista","
						
							9
							opinión
						
					","
						<span class=""opinion-numeral font-weight-normal"" data-eecommerce-action=""product-click"">
							9
							opinión
						</span>
					","Avenida Colombia 199, Pueblo Libre","
						
							Visita Cardiología
						
													
																																			S/ 120
															
											"
"
						Dr. Carlos Alvarez Murillo
					",Cardiólogo,"
						
							4
							opinión
						
					","
						<span class=""opinion-numeral font-weight-normal"" data-eecommerce-action=""product-click"">
							4
							opinión
						</span>
					","Av. Garcilaso de la Vega 1420, Lima","
						
							Visita Cardiología
						
													
																	Precio sin especificar
															
											"
"
						Dr. Juan Antonio Urquiaga Calderón
					",Cardiólogo,"
						
							42
							opinión
						
					","
						<span class=""opinion-numeral font-weight-normal"" data-eecommerce-action=""product-click"">
							42
							opinión
						</span>
					","Av. Petit Thouars 4453, Miraflores","
						
							Visita Cardiología
						
													
																	Precio sin especificar
															
											"
"
						Dr. Jorge Luis Salinas Arce
					",Cardiólogo,"
						
							8
							opinión
						
					","
						<span class=""opinion-numeral font-weight-normal"" data-eecommerce-action=""product-click"">
							8
							opinión
						</span>
					",,
"
						Dr. Victor Augusto Herrera Tanaka
					",Cardiólogo,"
						
							1
							opinión
						
					","
						<span class=""opinion-numeral font-weight-normal"" data-eecommerce-action=""product-click"">
							1
							opinión
						</span>
					",,
"
						Dr. Luis Alberto Calderon Vera
					",Cardiólogo,"
						
							3
							opinión
						
					","
						<span class=""opinion-numeral font-weight-normal"" data-eecommerce-action=""product-click"">
							3
							opinión
						</span>
					",,
"
						Dr. Marcos Lorenzo Pariona Javier
					",Cardiólogo,"
						
							1
							opinión
						
					","
						<span class=""opinion-numeral font-weight-normal"" data-eecommerce-action=""product-click"">
							1
							opinión
						</span>
					",,
"
						Dr. Jorge Alberto Morales Quispe
					",Cardiólogo,"
						
							2
							opinión
						
					","
						<span class=""opinion-numeral font-weight-normal"" data-eecommerce-action=""product-click"">
							2
							opinión
						</span>
					",,
"
						Dr. Fernando Villanueva Perez
					","Cardiólogo, Geriatra","
						
							1
							opinión
						
					","
						<span class=""opinion-numeral font-weight-normal"" data-eecommerce-action=""product-click"">
							1
							opinión
						</span>
					",,
"
						Dr. Oscar Guillermo Quiroz Jara
					",Cardiólogo,"
						
							2
							opinión
						
					","
						<span class=""opinion-numeral font-weight-normal"" data-eecommerce-action=""product-click"">
							2
							opinión
						</span>
					",,
"
						Dra. Sara Munive Rojas
					",Cardiólogo,"
						
							1
							opinión
						
					","
						<span class=""opinion-numeral font-weight-normal"" data-eecommerce-action=""product-click"">
							1
							opinión
						</span>
					",,
"
						Dra. Geem María Huaringa Bejarano
					",Cardiólogo,"
						
							1
							opinión
						
					","
						<span class=""opinion-numeral font-weight-normal"" data-eecommerce-action=""product-click"">
							1
							opinión
						</span>
					",,
"
						Dr. Alfonso Francisco Balaguer Quiroga
					",Cardiólogo,"
						
							1
							opinión
						
					","
						<span class=""opinion-numeral font-weight-normal"" data-eecommerce-action=""product-click"">
							1
							opinión
						</span>
					",,
"
						Dr. Johnny Siccha Martinez
					",Cardiólogo,"
						
							1
							opinión
						
					","
						<span class=""opinion-numeral font-weight-normal"" data-eecommerce-action=""product-click"">
							1
							opinión
						</span>
					",,
"
						Dr. Diego Enrique Reyes Carranza
					",Cardiólogo,"
						
							1
							opinión
						
					","
						<span class=""opinion-numeral font-weight-normal"" data-eecommerce-action=""product-click"">
							1
							opinión
						</span>
					",,
"
						Dra. Sara Munive Rojas
					",Cardiólogo,,,,
"
						Dr. German Valenzuela Rodriguez
					","Cardiólogo, Internista",,,,
"
						Dr. Javier Ricardo Figueroa Tataje
					",Cardiólogo,,,,
"
						 Nelson Garcia Chambilla
					",Cardiólogo,"
						
							1
							opinión
						
					","
						<span class=""opinion-numeral font-weight-normal"" data-eecommerce-action=""product-click"">
							1
							opinión
						</span>
					","av. la molina este 3814, La Molina","
						
							Visita Cardiología
						
													
																	Precio sin especificar
															
											"
"
						Dr. Ricardo Alvarado Salinas
					",Cardiólogo,"
						
							1
							opinión
						
					","
						<span class=""opinion-numeral font-weight-normal"" data-eecommerce-action=""product-click"">
							1
							opinión
						</span>
					",,
"
						Dr. Marco Antonio Heredia Ñahui
					",Cardiólogo,,,"Av. Ramón Vargas Machuca 754, San Juan de Miraflores","
						
							Visita Cardiología
						
													
																	Precio sin especificar
															
											"
"
						Dr. Maximo Jorge Rossell Salinas
					",Cardiólogo,,,,
"
						Dr. Leopoldo Emilio Munive Garcia
					",Cardiólogo,,,,
"
						Dr. Jose Luis Tapia Leonardo
					",Cardiólogo,,,"Av. Ignacio Merino 1884, Lima","
						
							Visita Cardiología
						
													
																	Precio sin especificar
															
											"
"
						Dr. Emmanuel Amado Hurtado Noblecilla
					",Cardiólogo,,,,
"
						Dr. Tomas Carlos Gargurevich Sanchez
					",Cardiólogo,"
						
							1
							opinión
						
					","
						<span class=""opinion-numeral font-weight-normal"" data-eecommerce-action=""product-click"">
							1
							opinión
						</span>
					",,
"
						Dr. Carlos Antonio Peralta Ponce
					","Cardiólogo, Pediatra",,,,
"
						Dr. Luisa Soraya Talledo Paredes
					",Cardiólogo,,,,
"
						Dr. Juan Carlos More
					",Cardiólogo,,,Lima,"
						
							Visita Cardiología
						
													
																	Precio sin especificar
															
											"
"
						 Manuel Martín Velasco Miranda
					",Cardiólogo,,,"Avenida Brasil 680, Breña , Cercado de Lima","
						
							Consulta de Revisión / Visitas sucesivas
						
													
																	Precio sin especificar
															
											"
"
						Dr. Héctor Revilla Alcocer
					",Cardiólogo,,,,
"
						Dr. Carlos Alberto Holguin Palacios
					",Cardiólogo,,,,
"
						Dr. Aurelio Mendoza Paulini
					","Cardiólogo, Especialista en medicina nuclear",,,,
"
						Dr. Hessell Condezo Santana
					",Cardiólogo,,,,
"
						Dr. Oscar Luis Alvarez Franco
					",Cardiólogo,,,,
"
						Dr. Asdrúbal Vela Sandoval
					",Cardiólogo,,,,
"
						Dr. César Landaeta Torrealba
					",Cardiólogo,,,,
"
						Dr. Luis Apac Valdiviezo
					",Cardiólogo,"
						
							1
							opinión
						
					","
						<span class=""opinion-numeral font-weight-normal"" data-eecommerce-action=""product-click"">
							1
							opinión
						</span>
					",,
"
						HolaDoc
					","Cardiólogo, Especialista en administración de salud, Cirujano vascular",,,,
"
						Policlínico Biolaq
					","Cardiólogo, Alergista, Patólogo",,,"Av. Javier Prado Este 2492, San Borja",
"
						Dr. Ramón Caro Ávalos
					",Cardiólogo,,,,
"
						Dr. Manuel Jaime Contreras Arcelles
					",Cardiólogo,,,"DOMINGO ELÍAS 256 MIRAFLORES, Lima","
						
							Visita Cardiología
						
													
																	Precio sin especificar
															
											"
"
						Dra. Vera Jimena Silva Salazar
					",Cardiólogo,,,,
"
						Dr. César Antonio Ortiz Zegarra
					",Cardiólogo,,,,
"
						 Jorge Luis Casana Bejarano
					",Cardiólogo,,,,
"
						 Richard Soto Becerra
					",Cardiólogo,,,,
"
						Dr. Paul Martín Preza Carrillo
					",Cardiólogo,,,,
"
						Dr. César Omar Peralta Trujillo
					",Cardiólogo,,,"Av. El Polo 570, ",
"
						Dr. José David Vasquez Perez
					",Cardiólogo,,,,
"
						Dra. Rocio Palomino Vilchez
					","Cardiólogo, Médico general",,,"Av La República , Lima","
						
							Visita Cardiología
						
													
																	Precio sin especificar
															
											"
"
						Clínica AvanSalud
					","Cardiólogo, Cirujano cardiovascular y torácico, Cirujano general","
						
							50
							opinión
						
					","
						<span class=""opinion-numeral font-weight-normal"" data-eecommerce-action=""product-click"">
							50
							opinión
						</span>
					",,
"
						Dr. Gilberto Fernando Torres Vega
					",Cardiólogo,,,,
"
						Dr. Jose Ricardo Santos Salazar
					",Cardiólogo,,,,
"
						SERVICIOS MEDICOS MOVILES SRL
					","Cardiólogo, Cirujano vascular, Técnico en laboratorio clínico",,,,
"
						Dr. Freddy Ponciano Tarazona
					",Cardiólogo,,,,
"
						Centro Médico Oscar Romero
					","Cardiólogo, Endocrinólogo, Infectólogo",,,,
"
						 Walter Enrique Mogrovejo Ramos
					",Cardiólogo,,,,
"
						Dr. Luis Alberto Orellana Vidaurre
					",Cardiólogo,,,,
"
						Dr. José Antonio Agüero Ramírez
					",Cardiólogo,,,Lima,
"
						Dr. Luis Enrique Apac Valdivieso
					","Cardiólogo, Médico general",,,"Av. Los Ruiseñores 476 2do Piso, Santa Anita","
						
							Consulta de Revisión / Visitas sucesivas
						
													
																	Precio sin especificar
															
											"
"
						Vascusalud
					","Cardiólogo, Cirujano cardiovascular y torácico",,,,
"
						Dr. Jorge Eduardo Romero Aranibar
					",Cardiólogo,,,,
"
						 Jaime Trinidad Madueño Madueño
					",Cardiólogo,,,,
"
						Dr. David C. Montoya Goicochea
					",Cardiólogo,,,,
"
						Dr. Ricardo Coloma Araniya
					",Cardiólogo,,,,
"
						Servicios Medicos Virgen de la Luz Sac
					",Cardiólogo,,,,
"
						 Germán Antonio Rodríguez Valencia
					","Cardiólogo, Internista",,,,
"
						Digesalud - Salud Ocupacional
					","Cardiólogo, Técnico en laboratorio clínico, Médico del trabajo",,,,
"
						Centro Médico Ob&Gyn
					","Cardiólogo, Patólogo, Cirujano cardiovascular y torácico",,,,
"
						Dr. Hael Fernandez Prado
					",Cardiólogo,"
						
							3
							opinión
						
					","
						<span class=""opinion-numeral font-weight-normal"" data-eecommerce-action=""product-click"">
							3
							opinión
						</span>
					",,
"
						 Patrycja Skibska
					",Cardiólogo,,,"Pod Lasem, Lima","
						
							Visita Cardiología
						
													
																	Precio sin especificar
															
											"
"
						Dr. Wilder A. Sandoval Diaz
					",Cardiólogo,"
						
							3
							opinión
						
					","
						<span class=""opinion-numeral font-weight-normal"" data-eecommerce-action=""product-click"">
							3
							opinión
						</span>
					","Av. César Vallejo 1390, El Agustino","
						
							Visita Cardiología
						
													
																	Precio sin especificar
															
											"
"
						Dr. Alberto Choton Vergara
					",Cardiólogo,,,,
"
						 Julio Jaime Rodriguez Castro
					","Cardiólogo, Pediatra",,,,
"
						Centro Cerebro Cardiovascular y Maxilofacial del Peru
					","Cardiólogo, Cirujano cardiovascular y torácico, Cirujano maxilofacial",,,,
"
						Clinica Stella Maris
					","Cardiólogo, Cirujano general, Cirujano maxilofacial","
						
							29
							opinión
						
					","
						<span class=""opinion-numeral font-weight-normal"" data-eecommerce-action=""product-click"">
							29
							opinión
						</span>
					",,
"
						Dr. Luis Delgado Agurto
					",Cardiólogo,,,"El Polo 789, Surco","
						
							Consulta online
						
													
																	Precio sin especificar
															
											"
"
						Dr. Mario Delio Garcia Samaniego
					",Cardiólogo,,,,
"
						Dra. Katherine Alcalá
					",Cardiólogo,,,,
"
						 Macelo De la Puenta
					",Cardiólogo,,,,
"
						 Gladys Martha Espinoza Rivas
					",Cardiólogo,,,,
"
						Dr. Milton Clyde Delgado Acevedo
					",Cardiólogo,,,,
"
						Dr. Miguel Azañedo Velasquez
					",Cardiólogo,,,,
"
						Dr. Jose Walter Cabrera Honorio
					",Cardiólogo,,,,
"
						Dr. Omar Villanueva Muñoz
					",Cardiólogo,,,Lima,
"
						Dr. Cesar Amadeo Montes Padilla
					",Cardiólogo,,,,
"
						Dr. Jose Perez
					",Cardiólogo,,,,
"
						Dr. Romulo Carlos Torres Araoz
					",Cardiólogo,,,,
"
						 Diego Yanqui Melendez
					",Cardiólogo,,,,
"
						Dr. Gladys Espinoza Rivas
					",Cardiólogo,,,,
"
						 Vicente André Salazar
					",Cardiólogo,,,,
"
						Dr. Cesar Segura Serveleon
					",Cardiólogo,,,,
"
						Clínica Internacional Sede Lima
					","Cardiólogo, Especialista en administración de salud, Anestesiólogo","
						
							219
							opinión
						
					","
						<span class=""opinion-numeral font-weight-normal"" data-eecommerce-action=""product-click"">
							219
							opinión
						</span>
					",,
"
						 Luisa Azevedo teste mkt
					",Cardiólogo,,,,
"
						 Claudia Sophia Leon Palomino
					",Cardiólogo,,,,
"
						Clinica San Pablo Surco
					","Cardiólogo, Alergista, Cirujano vascular","
						
							90
							opinión
						
					","
						<span class=""opinion-numeral font-weight-normal"" data-eecommerce-action=""product-click"">
							90
							opinión
						</span>
					",,
"
						Clínica Internacional Sede San Borja Hospitalario
					","Cardiólogo, Anestesiólogo, Cirujano cardiovascular y torácico","
						
							14
							opinión
						
					","
						<span class=""opinion-numeral font-weight-normal"" data-eecommerce-action=""product-click"">
							14
							opinión
						</span>
					",,
"
						Clínica del Inca
					","Cardiólogo, Cirujano vascular, Cirujano cardiovascular y torácico",,,,
"
						Red Salud Sac
					","Cardiólogo, Alergista, Cirujano general",,,,
"
						Clínica San Juan Bautista
					","Cardiólogo, Especialista en administración de salud, Cirujano cardiovascular y torácico","
						
							61
							opinión
						
					","
						<span class=""opinion-numeral font-weight-normal"" data-eecommerce-action=""product-click"">
							61
							opinión
						</span>
					",,
"
						Clinica Centenario Peruano Japonesa
					","Cardiólogo, Especialista en administración de salud, Alergista","
						
							244
							opinión
						
					","
						<span class=""opinion-numeral font-weight-normal"" data-eecommerce-action=""product-click"">
							244
							opinión
						</span>
					",,
"
						Essalud - Hospital Nivel IV Guillermo Almenara Irigoyen
					","Cardiólogo, Cirujano general, Cirujano pediátrico","
						
							17
							opinión
						
					","
						<span class=""opinion-numeral font-weight-normal"" data-eecommerce-action=""product-click"">
							17
							opinión
						</span>
					",,
"
						Dr. Luis Alberto Buleje Terrazas
					",Cardiólogo,,,,
"
						Dr. Ronald Wilfre Morales Herrera
					",Cardiólogo,,,"Avenida Joseph Thompson, 140, San Borja",
"
						Clínica San Miguel
					","Cardiólogo, Anestesiólogo, Cirujano general",,,,
"
						Instituto de Cardiologia de Lima Cardiomedic
					","Cardiólogo, Anestesiólogo, Cirujano cardiovascular y torácico","
						
							1
							opinión
						
					","
						<span class=""opinion-numeral font-weight-normal"" data-eecommerce-action=""product-click"">
							1
							opinión
						</span>
					",,
"
						Instituto Nacional de Salud del Niño San Borja
					","Cardiólogo, Cirujano cardiovascular y torácico, Cirujano plástico","
						
							2
							opinión
						
					","
						<span class=""opinion-numeral font-weight-normal"" data-eecommerce-action=""product-click"">
							2
							opinión
						</span>
					",,
"
						Dr. Manuel Laura Lozada
					",Cardiólogo,"
						
							1
							opinión
						
					","
						<span class=""opinion-numeral font-weight-normal"" data-eecommerce-action=""product-click"">
							1
							opinión
						</span>
					",,
"
						 Luz Gisella Mendoza Sanchez
					",Cardiólogo,"
						
							7
							opinión
						
					","
						<span class=""opinion-numeral font-weight-normal"" data-eecommerce-action=""product-click"">
							7
							opinión
						</span>
					",,
"
						Dra. Maria Elena Loo Valverde
					","Cardiólogo, Pediatra","
						
							2
							opinión
						
					","
						<span class=""opinion-numeral font-weight-normal"" data-eecommerce-action=""product-click"">
							2
							opinión
						</span>
					","Av. Rebagliati 490, Jesús María",
"
						 David German Galvez Caballero
					",Cardiólogo,"
						
							1
							opinión
						
					","
						<span class=""opinion-numeral font-weight-normal"" data-eecommerce-action=""product-click"">
							1
							opinión
						</span>
					",,
"
						 Raul David Alegre Chang
					",Cardiólogo,"
						
							8
							opinión
						
					","
						<span class=""opinion-numeral font-weight-normal"" data-eecommerce-action=""product-click"">
							8
							opinión
						</span>
					","Av. Gregorio Escobedo 650, Lima",
"
						 Eduardo Freddy Matos Morales
					",Cardiólogo,"
						
							4
							opinión
						
					","
						<span class=""opinion-numeral font-weight-normal"" data-eecommerce-action=""product-click"">
							4
							opinión
						</span>
					",Lima,
"
						 Vladimir Perovic Saponaro
					",Cardiólogo,"
						
							6
							opinión
						
					","
						<span class=""opinion-numeral font-weight-normal"" data-eecommerce-action=""product-click"">
							6
							opinión
						</span>
					",Lima,
"
						Dr. Miguel Antero Rivera Vilchez
					",Cardiólogo,"
						
							7
							opinión
						
					","
						<span class=""opinion-numeral font-weight-normal"" data-eecommerce-action=""product-click"">
							7
							opinión
						</span>
					",,
"
						Dra. Alicia Mispireta Castañeda
					",Cardiólogo,"
						
							8
							opinión
						
					","
						<span class=""opinion-numeral font-weight-normal"" data-eecommerce-action=""product-click"">
							8
							opinión
						</span>
					",,
"
						Dr. Felix Martin Davalos Quevedo
					",Cardiólogo,"
						
							6
							opinión
						
					","
						<span class=""opinion-numeral font-weight-normal"" data-eecommerce-action=""product-click"">
							6
							opinión
						</span>
					",,
"
						 Ronald Misolino Bastidas Tirado
					",Cardiólogo,"
						
							3
							opinión
						
					","
						<span class=""opinion-numeral font-weight-normal"" data-eecommerce-action=""product-click"">
							3
							opinión
						</span>
					",,
"
						 Ladys Ruth Cardenas Levano
					",Cardiólogo,"
						
							2
							opinión
						
					","
						<span class=""opinion-numeral font-weight-normal"" data-eecommerce-action=""product-click"">
							2
							opinión
						</span>
					",Lima,
"
						Dr. Victor Elias Rodriguez Chavez
					",Cardiólogo,"
						
							2
							opinión
						
					","
						<span class=""opinion-numeral font-weight-normal"" data-eecommerce-action=""product-click"">
							2
							opinión
						</span>
					",,
"
						Dr. José Carlos Armendáriz Ferrari
					",Cardiólogo,"
						
							2
							opinión
						
					","
						<span class=""opinion-numeral font-weight-normal"" data-eecommerce-action=""product-click"">
							2
							opinión
						</span>
					","Avenida Javier Prado Este, 4200, Surco",
"
						 Juan Eduardo Fu Huby
					",Cardiólogo,"
						
							2
							opinión
						
					","
						<span class=""opinion-numeral font-weight-normal"" data-eecommerce-action=""product-click"">
							2
							opinión
						</span>
					",Lima,
"
						 Jesus Mario Carrion Chambilla
					",Cardiólogo,"
						
							2
							opinión
						
					","
						<span class=""opinion-numeral font-weight-normal"" data-eecommerce-action=""product-click"">
							2
							opinión
						</span>
					",,
"
						Dr. Antonio Angel Skrabonja Crespo
					",Cardiólogo,"
						
							2
							opinión
						
					","
						<span class=""opinion-numeral font-weight-normal"" data-eecommerce-action=""product-click"">
							2
							opinión
						</span>
					",,
"
						 Gerald Carlos Levano Pachas
					",Cardiólogo,"
						
							2
							opinión
						
					","
						<span class=""opinion-numeral font-weight-normal"" data-eecommerce-action=""product-click"">
							2
							opinión
						</span>
					",,
"
						 Nemias Humberto Celis Lozano
					","Cardiólogo, Internista","
						
							2
							opinión
						
					","
						<span class=""opinion-numeral font-weight-normal"" data-eecommerce-action=""product-click"">
							2
							opinión
						</span>
					",,
"
						 Jose Enrique Chavarry Ysla
					",Cardiólogo,"
						
							2
							opinión
						
					","
						<span class=""opinion-numeral font-weight-normal"" data-eecommerce-action=""product-click"">
							2
							opinión
						</span>
					",,
"
						 Fernando José Córdova Gómez
					",Cardiólogo,"
						
							1
							opinión
						
					","
						<span class=""opinion-numeral font-weight-normal"" data-eecommerce-action=""product-click"">
							1
							opinión
						</span>
					",,
"
						Dr. Odorico Belzusarri Guille
					",Cardiólogo,"
						
							3
							opinión
						
					","
						<span class=""opinion-numeral font-weight-normal"" data-eecommerce-action=""product-click"">
							3
							opinión
						</span>
					",,
"
						Dr. Raul Rivera Buendia
					",Cardiólogo,"
						
							3
							opinión
						
					","
						<span class=""opinion-numeral font-weight-normal"" data-eecommerce-action=""product-click"">
							3
							opinión
						</span>
					","Av. Angamos Oeste, cuadra 4 (Esquina con la calle General Borgoño), Miraflores",
"
						Dr. Carlos Cesar Vela Acosta
					",Cardiólogo,"
						
							3
							opinión
						
					","
						<span class=""opinion-numeral font-weight-normal"" data-eecommerce-action=""product-click"">
							3
							opinión
						</span>
					",Lima,
"
						 Alfredo Jose Tong Ramos
					",Cardiólogo,"
						
							3
							opinión
						
					","
						<span class=""opinion-numeral font-weight-normal"" data-eecommerce-action=""product-click"">
							3
							opinión
						</span>
					",,
"
						 Juan Antonio Vlasica Carlos
					",Cardiólogo,"
						
							3
							opinión
						
					","
						<span class=""opinion-numeral font-weight-normal"" data-eecommerce-action=""product-click"">
							3
							opinión
						</span>
					",,
"
						 Ana Mirella Venturelli Cotrina
					",Cardiólogo,"
						
							3
							opinión
						
					","
						<span class=""opinion-numeral font-weight-normal"" data-eecommerce-action=""product-click"">
							3
							opinión
						</span>
					",,
"
						Dr. Angel David Vasquez Villar
					",Cardiólogo,"
						
							3
							opinión
						
					","
						<span class=""opinion-numeral font-weight-normal"" data-eecommerce-action=""product-click"">
							3
							opinión
						</span>
					",,
"
						Centro Cardiovascular
					","Cardiólogo, Anestesiólogo, Cirujano cardiovascular y torácico",,,,
"
						Dr. Mario Benjamín García Saavedra
					",Cardiólogo,,,,
"
						Dr. Victor Galvez Villacorta
					",Cardiólogo,"
						
							2
							opinión
						
					","
						<span class=""opinion-numeral font-weight-normal"" data-eecommerce-action=""product-click"">
							2
							opinión
						</span>
					","Jorge Washington 1491, Lima",
"
						Dr. Claudio Euler Torres Cerpa
					",Cardiólogo,"
						
							1
							opinión
						
					","
						<span class=""opinion-numeral font-weight-normal"" data-eecommerce-action=""product-click"">
							1
							opinión
						</span>
					","Av Benavides 5362, Surco",
"
						Dr. Fernando Córdova Gómez
					",Cardiólogo,"
						
							2
							opinión
						
					","
						<span class=""opinion-numeral font-weight-normal"" data-eecommerce-action=""product-click"">
							2
							opinión
						</span>
					",,
"
						Dr. Oswaldo Lescano Lopez
					",Cardiólogo,"
						
							2
							opinión
						
					","
						<span class=""opinion-numeral font-weight-normal"" data-eecommerce-action=""product-click"">
							2
							opinión
						</span>
					",,
"
						Dr. Emilio Choy Quintanilla
					",Cardiólogo,"
						
							2
							opinión
						
					","
						<span class=""opinion-numeral font-weight-normal"" data-eecommerce-action=""product-click"">
							2
							opinión
						</span>
					",,
"
						Dr. Miguel Miní Miranda
					",Cardiólogo,"
						
							2
							opinión
						
					","
						<span class=""opinion-numeral font-weight-normal"" data-eecommerce-action=""product-click"">
							2
							opinión
						</span>
					",,
"
						 Gorky Ernesto Mori Pinedo
					",Cardiólogo,"
						
							2
							opinión
						
					","
						<span class=""opinion-numeral font-weight-normal"" data-eecommerce-action=""product-click"">
							2
							opinión
						</span>
					","Av. Gregorio Escobedo 650, Lima",
"
						 Carlos Guillermo Bernal Merino
					",Cardiólogo,"
						
							1
							opinión
						
					","
						<span class=""opinion-numeral font-weight-normal"" data-eecommerce-action=""product-click"">
							1
							opinión
						</span>
					",,
"
						 Hector Enrique Shibao Sakamoto
					",Cardiólogo,"
						
							2
							opinión
						
					","
						<span class=""opinion-numeral font-weight-normal"" data-eecommerce-action=""product-click"">
							2
							opinión
						</span>
					",,
"
						 Humberto Ciro Mejia Sanchez
					",Cardiólogo,"
						
							1
							opinión
						
					","
						<span class=""opinion-numeral font-weight-normal"" data-eecommerce-action=""product-click"">
							1
							opinión
						</span>
					",,
"
						 Richard Edward Salas Cordero
					",Cardiólogo,"
						
							1
							opinión
						
					","
						<span class=""opinion-numeral font-weight-normal"" data-eecommerce-action=""product-click"">
							1
							opinión
						</span>
					",,
"
						 Enrique Alberto Perez del Portal
					",Cardiólogo,"
						
							1
							opinión
						
					","
						<span class=""opinion-numeral font-weight-normal"" data-eecommerce-action=""product-click"">
							1
							opinión
						</span>
					",,
"
						Dr. Leonardo Alfredo Villa Medina
					",Cardiólogo,"
						
							1
							opinión
						
					","
						<span class=""opinion-numeral font-weight-normal"" data-eecommerce-action=""product-click"">
							1
							opinión
						</span>
					",,
"
						 Ursula Jeanette Peña Camacho
					",Cardiólogo,"
						
							2
							opinión
						
					","
						<span class=""opinion-numeral font-weight-normal"" data-eecommerce-action=""product-click"">
							2
							opinión
						</span>
					",,
"
						Dr. Ricardo Coloma Araniya
					",Cardiólogo,"
						
							1
							opinión
						
					","
						<span class=""opinion-numeral font-weight-normal"" data-eecommerce-action=""product-click"">
							1
							opinión
						</span>
					",Lima,
"
						Dr. Jorge Isaac Rodriguez Montes de Oca
					",Cardiólogo,"
						
							2
							opinión
						
					","
						<span class=""opinion-numeral font-weight-normal"" data-eecommerce-action=""product-click"">
							2
							opinión
						</span>
					",Lima,
"
						Dr. Miguel Esteban Ortiz Samanamud
					",Cardiólogo,"
						
							1
							opinión
						
					","
						<span class=""opinion-numeral font-weight-normal"" data-eecommerce-action=""product-click"">
							1
							opinión
						</span>
					",,
"
						 Alicia Wendalina Mispireta Castañeda
					",Cardiólogo,"
						
							1
							opinión
						
					","
						<span class=""opinion-numeral font-weight-normal"" data-eecommerce-action=""product-click"">
							1
							opinión
						</span>
					",,
"
						 Maria Angolina Rospigliosi Benavides
					",Cardiólogo,"
						
							1
							opinión
						
					","
						<span class=""opinion-numeral font-weight-normal"" data-eecommerce-action=""product-click"">
							1
							opinión
						</span>
					",Lima,
"
						 Cesar Alexander Valdiviezo Roman
					",Cardiólogo,"
						
							1
							opinión
						
					","
						<span class=""opinion-numeral font-weight-normal"" data-eecommerce-action=""product-click"">
							1
							opinión
						</span>
					",,
"
						Dr. Juan Lema Osores
					","Cardiólogo, Internista","
						
							1
							opinión
						
					","
						<span class=""opinion-numeral font-weight-normal"" data-eecommerce-action=""product-click"">
							1
							opinión
						</span>
					","Av. Alfonso Ugarte 848, Lima",
"
						 Nestor Amador Gonzales Vargas
					","Cardiólogo, Internista","
						
							1
							opinión
						
					","
						<span class=""opinion-numeral font-weight-normal"" data-eecommerce-action=""product-click"">
							1
							opinión
						</span>
					",,
"
						 Luis Alfredo Watanabe Tashima
					",Cardiólogo,"
						
							1
							opinión
						
					","
						<span class=""opinion-numeral font-weight-normal"" data-eecommerce-action=""product-click"">
							1
							opinión
						</span>
					",Lima,
"
						 José Maria Bouroncle Carreón
					",Cardiólogo,"
						
							1
							opinión
						
					","
						<span class=""opinion-numeral font-weight-normal"" data-eecommerce-action=""product-click"">
							1
							opinión
						</span>
					",,
"
						 Frank Antonio Octavio Lizaraso Soto
					",Cardiólogo,"
						
							1
							opinión
						
					","
						<span class=""opinion-numeral font-weight-normal"" data-eecommerce-action=""product-click"">
							1
							opinión
						</span>
					",,
"
						 Carlos Ramiro Mariño Vigo
					",Cardiólogo,"
						
							1
							opinión
						
					","
						<span class=""opinion-numeral font-weight-normal"" data-eecommerce-action=""product-click"">
							1
							opinión
						</span>
					",,
"
						 Carlos Enrique Debarbieri Noriega
					",Cardiólogo,"
						
							1
							opinión
						
					","
						<span class=""opinion-numeral font-weight-normal"" data-eecommerce-action=""product-click"">
							1
							opinión
						</span>
					",,
"
						 Edda Melissa Lombardi Franco
					",Cardiólogo,"
						
							1
							opinión
						
					","
						<span class=""opinion-numeral font-weight-normal"" data-eecommerce-action=""product-click"">
							1
							opinión
						</span>
					","Av. Garcilaso de la Vega 1420, Lima",
"
						 Wilmer Manfredo Villegas Izaguirre
					",Cardiólogo,"
						
							1
							opinión
						
					","
						<span class=""opinion-numeral font-weight-normal"" data-eecommerce-action=""product-click"">
							1
							opinión
						</span>
					",,
"
						 Jorge Augusto Velásquez Manrique
					","Cardiólogo, Internista","
						
							1
							opinión
						
					","
						<span class=""opinion-numeral font-weight-normal"" data-eecommerce-action=""product-click"">
							1
							opinión
						</span>
					",,
"
						 Carlos Moises Quiroz Lozada
					",Cardiólogo,"
						
							1
							opinión
						
					","
						<span class=""opinion-numeral font-weight-normal"" data-eecommerce-action=""product-click"">
							1
							opinión
						</span>
					",,
"
						 Moises Alejandro Martinez Estremadoyro
					",Cardiólogo,"
						
							1
							opinión
						
					","
						<span class=""opinion-numeral font-weight-normal"" data-eecommerce-action=""product-click"">
							1
							opinión
						</span>
					",,
"
						 Maria Cecilia García Sandoval
					",Cardiólogo,"
						
							1
							opinión
						
					","
						<span class=""opinion-numeral font-weight-normal"" data-eecommerce-action=""product-click"">
							1
							opinión
						</span>
					",,
"
						 Jose Revilla Avalos
					","Cardiólogo, Internista","
						
							1
							opinión
						
					","
						<span class=""opinion-numeral font-weight-normal"" data-eecommerce-action=""product-click"">
							1
							opinión
						</span>
					",,
"
						 Maria Luisa del Carmen Bardelli Guibovich
					",Cardiólogo,"
						
							1
							opinión
						
					","
						<span class=""opinion-numeral font-weight-normal"" data-eecommerce-action=""product-click"">
							1
							opinión
						</span>
					",,
"
						 Tania Lisset Pozo Ibañez
					",Cardiólogo,"
						
							1
							opinión
						
					","
						<span class=""opinion-numeral font-weight-normal"" data-eecommerce-action=""product-click"">
							1
							opinión
						</span>
					",,
"
						 Ricardo Jose Zegarra Carhuas
					",Cardiólogo,"
						
							1
							opinión
						
					","
						<span class=""opinion-numeral font-weight-normal"" data-eecommerce-action=""product-click"">
							1
							opinión
						</span>
					",,
"
						 Javier Arturo Chumbe Montoro
					",Cardiólogo,"
						
							1
							opinión
						
					","
						<span class=""opinion-numeral font-weight-normal"" data-eecommerce-action=""product-click"">
							1
							opinión
						</span>
					",Lima,
"
						 Roy German Dueñas Carbajal
					",Cardiólogo,"
						
							1
							opinión
						
					","
						<span class=""opinion-numeral font-weight-normal"" data-eecommerce-action=""product-click"">
							1
							opinión
						</span>
					",Lima,
"
						 Delmiro Escobedo Sanchez
					",Cardiólogo,"
						
							1
							opinión
						
					","
						<span class=""opinion-numeral font-weight-normal"" data-eecommerce-action=""product-click"">
							1
							opinión
						</span>
					",,
"
						 Carlos Antero Chavez Ayala
					",Cardiólogo,"
						
							1
							opinión
						
					","
						<span class=""opinion-numeral font-weight-normal"" data-eecommerce-action=""product-click"">
							1
							opinión
						</span>
					",Callao,
"
						 Carlos Evaristo Sanchez Pineda
					",Cardiólogo,"
						
							1
							opinión
						
					","
						<span class=""opinion-numeral font-weight-normal"" data-eecommerce-action=""product-click"">
							1
							opinión
						</span>
					",,
"
						 Maritza Lucía Rosales Vidal
					",Cardiólogo,"
						
							1
							opinión
						
					","
						<span class=""opinion-numeral font-weight-normal"" data-eecommerce-action=""product-click"">
							1
							opinión
						</span>
					",,
"
						 Heraclides Plinio Obregon Vilches
					",Cardiólogo,"
						
							1
							opinión
						
					","
						<span class=""opinion-numeral font-weight-normal"" data-eecommerce-action=""product-click"">
							1
							opinión
						</span>
					",,
"
						 Goovert Pastor Tejada Pacheco
					",Cardiólogo,"
						
							1
							opinión
						
					","
						<span class=""opinion-numeral font-weight-normal"" data-eecommerce-action=""product-click"">
							1
							opinión
						</span>
					",,
"
						 Federico Guillermo Osores Donayre
					",Cardiólogo,"
						
							1
							opinión
						
					","
						<span class=""opinion-numeral font-weight-normal"" data-eecommerce-action=""product-click"">
							1
							opinión
						</span>
					",,
"
						 Orestes Cesar Salazar Candiotti
					",Cardiólogo,"
						
							1
							opinión
						
					","
						<span class=""opinion-numeral font-weight-normal"" data-eecommerce-action=""product-click"">
							1
							opinión
						</span>
					",Lima,
"
						Dr. Jose Arturo Torres Perez
					",Cardiólogo,"
						
							1
							opinión
						
					","
						<span class=""opinion-numeral font-weight-normal"" data-eecommerce-action=""product-click"">
							1
							opinión
						</span>
					",,
"
						 Jaime Enrique Cunza Paredes
					",Cardiólogo,"
						
							1
							opinión
						
					","
						<span class=""opinion-numeral font-weight-normal"" data-eecommerce-action=""product-click"">
							1
							opinión
						</span>
					",,
"
						Dr. Jorge Rodriguez Villegas
					",Cardiólogo,"
						
							1
							opinión
						
					","
						<span class=""opinion-numeral font-weight-normal"" data-eecommerce-action=""product-click"">
							1
							opinión
						</span>
					",,
"
						Dra. Zoila Emperatriz Moreau Moncada
					",Cardiólogo,"
						
							1
							opinión
						
					","
						<span class=""opinion-numeral font-weight-normal"" data-eecommerce-action=""product-click"">
							1
							opinión
						</span>
					","Av. Faustino Sánchez Carrión, Lima",
"
						 Ruben Calderon Fernandez
					",Cardiólogo,"
						
							1
							opinión
						
					","
						<span class=""opinion-numeral font-weight-normal"" data-eecommerce-action=""product-click"">
							1
							opinión
						</span>
					",Lima,
"
						Dr. Olumide Folarin Thompson
					","Cardiólogo, Médico general","
						
							2
							opinión
						
					","
						<span class=""opinion-numeral font-weight-normal"" data-eecommerce-action=""product-click"">
							2
							opinión
						</span>
					",,
"
						Centro Cardiologico Corazón de Jesus
					",Cardiólogo,,,,
"
						Centro de Reposo La Molinai
					","Cardiólogo, Geriatra",,,,
"
						Hospital Guillermo Kaelín de la Fuente
					",Cardiólogo,,,,
"
						Dra. Edith Chavez Huapalla
					",Cardiólogo,"
						
							1
							opinión
						
					","
						<span class=""opinion-numeral font-weight-normal"" data-eecommerce-action=""product-click"">
							1
							opinión
						</span>
					",,
"
						Dr. Armando Godoy Palomino
					",Cardiólogo,"
						
							1
							opinión
						
					","
						<span class=""opinion-numeral font-weight-normal"" data-eecommerce-action=""product-click"">
							1
							opinión
						</span>
					","Av. Angamos Oeste, cuadra 4 (Esquina con la calle General Borgoño), Miraflores",
"
						Dr. Aldo Castañeda Melgar
					",Cardiólogo,"
						
							1
							opinión
						
					","
						<span class=""opinion-numeral font-weight-normal"" data-eecommerce-action=""product-click"">
							1
							opinión
						</span>
					","Jorge Washington 1491, Lima",
"
						Dra. Lucy Calderon Valderrama
					",Cardiólogo,"
						
							2
							opinión
						
					","
						<span class=""opinion-numeral font-weight-normal"" data-eecommerce-action=""product-click"">
							2
							opinión
						</span>
					",,
"
						Dr. Antonio Skrabonja Crespo
					",Cardiólogo,"
						
							2
							opinión
						
					","
						<span class=""opinion-numeral font-weight-normal"" data-eecommerce-action=""product-click"">
							2
							opinión
						</span>
					",,
"
						Dr. Augusto Chois Málaga
					",Cardiólogo,"
						
							2
							opinión
						
					","
						<span class=""opinion-numeral font-weight-normal"" data-eecommerce-action=""product-click"">
							2
							opinión
						</span>
					",,
"
						Dr. Guido Battilana Suito
					",Cardiólogo,"
						
							2
							opinión
						
					","
						<span class=""opinion-numeral font-weight-normal"" data-eecommerce-action=""product-click"">
							2
							opinión
						</span>
					",,
"
						Dr. Mario Zubiate Talledo
					",Cardiólogo,"
						
							1
							opinión
						
					","
						<span class=""opinion-numeral font-weight-normal"" data-eecommerce-action=""product-click"">
							1
							opinión
						</span>
					",,
"
						Dr. Miguel Ortiz Samanamud
					",Cardiólogo,"
						
							1
							opinión
						
					","
						<span class=""opinion-numeral font-weight-normal"" data-eecommerce-action=""product-click"">
							1
							opinión
						</span>
					",,
"
						Dr. Walter Yañez Vivanco
					",Cardiólogo,"
						
							1
							opinión
						
					","
						<span class=""opinion-numeral font-weight-normal"" data-eecommerce-action=""product-click"">
							1
							opinión
						</span>
					",,
"
						Dr. Luis Razzeto Rios
					",Cardiólogo,"
						
							1
							opinión
						
					","
						<span class=""opinion-numeral font-weight-normal"" data-eecommerce-action=""product-click"">
							1
							opinión
						</span>
					",,
"
						 Eduardo Alfredo Hernani Lau
					",Cardiólogo,"
						
							1
							opinión
						
					","
						<span class=""opinion-numeral font-weight-normal"" data-eecommerce-action=""product-click"">
							1
							opinión
						</span>
					",Lima,
"
						 Dante Antonio Peñaloza Ramella
					",Cardiólogo,"
						
							1
							opinión
						
					","
						<span class=""opinion-numeral font-weight-normal"" data-eecommerce-action=""product-click"">
							1
							opinión
						</span>
					",,
"
						Dr. Luis Pedro Luyo Vera
					",Cardiólogo,"
						
							1
							opinión
						
					","
						<span class=""opinion-numeral font-weight-normal"" data-eecommerce-action=""product-click"">
							1
							opinión
						</span>
					",,
"
						Dr. Omar Villanueva Muñoz
					",Cardiólogo,"
						
							1
							opinión
						
					","
						<span class=""opinion-numeral font-weight-normal"" data-eecommerce-action=""product-click"">
							1
							opinión
						</span>
					",,
"
						 Miguel Sanez Vigil
					",Cardiólogo,"
						
							1
							opinión
						
					","
						<span class=""opinion-numeral font-weight-normal"" data-eecommerce-action=""product-click"">
							1
							opinión
						</span>
					",,
"
						Dr. Javier Pinto Concha
					",Cardiólogo,"
						
							1
							opinión
						
					","
						<span class=""opinion-numeral font-weight-normal"" data-eecommerce-action=""product-click"">
							1
							opinión
						</span>
					",,
"
						Dr. Waldo Fernandez Durand
					",Cardiólogo,"
						
							1
							opinión
						
					","
						<span class=""opinion-numeral font-weight-normal"" data-eecommerce-action=""product-click"">
							1
							opinión
						</span>
					",,
"
						Dr. Oscar Alvarado Contreras
					",Cardiólogo,"
						
							1
							opinión
						
					","
						<span class=""opinion-numeral font-weight-normal"" data-eecommerce-action=""product-click"">
							1
							opinión
						</span>
					",,
"
						Dra. Mirtha Rufina Flores Lagos
					",Cardiólogo,"
						
							1
							opinión
						
					","
						<span class=""opinion-numeral font-weight-normal"" data-eecommerce-action=""product-click"">
							1
							opinión
						</span>
					",,
"
						Dr. Walter Cabrera Honorio
					",Cardiólogo,"
						
							1
							opinión
						
					","
						<span class=""opinion-numeral font-weight-normal"" data-eecommerce-action=""product-click"">
							1
							opinión
						</span>
					",,
"
						Dr. José Guerra Enriquez
					",Cardiólogo,"
						
							1
							opinión
						
					","
						<span class=""opinion-numeral font-weight-normal"" data-eecommerce-action=""product-click"">
							1
							opinión
						</span>
					",,
"
						 Bernardo Enrique Gonzales Peña
					",Cardiólogo,"
						
							1
							opinión
						
					","
						<span class=""opinion-numeral font-weight-normal"" data-eecommerce-action=""product-click"">
							1
							opinión
						</span>
					",,
"
						 Angel Hugo Mendoza Gutarra
					",Cardiólogo,"
						
							1
							opinión
						
					","
						<span class=""opinion-numeral font-weight-normal"" data-eecommerce-action=""product-click"">
							1
							opinión
						</span>
					",,
"
						Dr. Christian Nolte Rickards
					",Cardiólogo,"
						
							1
							opinión
						
					","
						<span class=""opinion-numeral font-weight-normal"" data-eecommerce-action=""product-click"">
							1
							opinión
						</span>
					",Lima,
"
						Dra. Maritza Milagritos Rodriguez Sifuentes
					",Cardiólogo,"
						
							1
							opinión
						
					","
						<span class=""opinion-numeral font-weight-normal"" data-eecommerce-action=""product-click"">
							1
							opinión
						</span>
					",Lima,
"
						 Percy Duncker Berrospi Argandoña
					",Cardiólogo,"
						
							1
							opinión
						
					","
						<span class=""opinion-numeral font-weight-normal"" data-eecommerce-action=""product-click"">
							1
							opinión
						</span>
					",,
"
						 Wilfredo Javier Velezmoro Ojeda
					",Cardiólogo,,,"Av. Javier Prado este 1066, San Isidro","
						
							Consulta online
						
													
																	Precio sin especificar
															
											"
"
						 Julio Cesar Garcia Matheus
					",Cardiólogo,"
						
							1
							opinión
						
					","
						<span class=""opinion-numeral font-weight-normal"" data-eecommerce-action=""product-click"">
							1
							opinión
						</span>
					",Callao,
"
						 Hugo Cesar Escalante Rojas
					","Cardiólogo, Internista","
						
							1
							opinión
						
					","
						<span class=""opinion-numeral font-weight-normal"" data-eecommerce-action=""product-click"">
							1
							opinión
						</span>
					",,
"
						 Hugo Martin Esquivel Garcia
					",Cardiólogo,"
						
							3
							opinión
						
					","
						<span class=""opinion-numeral font-weight-normal"" data-eecommerce-action=""product-click"">
							3
							opinión
						</span>
					",,
"
						 Ruben Arturo Romero Correa
					",Cardiólogo,"
						
							3
							opinión
						
					","
						<span class=""opinion-numeral font-weight-normal"" data-eecommerce-action=""product-click"">
							3
							opinión
						</span>
					",Lima,
"
						 Cesar Alberto Vecco Vargas Machuca
					",Cardiólogo,"
						
							9
							opinión
						
					","
						<span class=""opinion-numeral font-weight-normal"" data-eecommerce-action=""product-click"">
							9
							opinión
						</span>
					",Lima,
"
						 Edilberto Estela Chunga
					",Cardiólogo,"
						
							2
							opinión
						
					","
						<span class=""opinion-numeral font-weight-normal"" data-eecommerce-action=""product-click"">
							2
							opinión
						</span>
					",,
"
						Dra. Flor De Maria Ibañez Sevilla
					",Cardiólogo,"
						
							1
							opinión
						
					","
						<span class=""opinion-numeral font-weight-normal"" data-eecommerce-action=""product-click"">
							1
							opinión
						</span>
					","Av. Paso De Los Andes 675, Pueblo Libre",
"
						Dr. Pedro Mayorga Grados
					",Cardiólogo,"
						
							1
							opinión
						
					","
						<span class=""opinion-numeral font-weight-normal"" data-eecommerce-action=""product-click"">
							1
							opinión
						</span>
					",,
"
						Dra. Irma Arima Fujita
					",Cardiólogo,"
						
							1
							opinión
						
					","
						<span class=""opinion-numeral font-weight-normal"" data-eecommerce-action=""product-click"">
							1
							opinión
						</span>
					",,
"
						Dr. César Lizarraga León
					",Cardiólogo,"
						
							1
							opinión
						
					","
						<span class=""opinion-numeral font-weight-normal"" data-eecommerce-action=""product-click"">
							1
							opinión
						</span>
					",,
"
						 Maria Edith Lapoint Montes
					","Cardiólogo, Pediatra","
						
							1
							opinión
						
					","
						<span class=""opinion-numeral font-weight-normal"" data-eecommerce-action=""product-click"">
							1
							opinión
						</span>
					",,
"
						Dr. Eduardo De La Cruz Yaya
					",Cardiólogo,"
						
							1
							opinión
						
					","
						<span class=""opinion-numeral font-weight-normal"" data-eecommerce-action=""product-click"">
							1
							opinión
						</span>
					",Lima,
"
						 Sergio Antonio Moreno Martinez
					",Cardiólogo,,,,
"
						 Eva Gloria Ticona Chavez
					","Cardiólogo, Pediatra",,,,
"
						 Miguel Eduardo Chipana Osiro
					","Cardiólogo, Médico general",,,Lima,
"
						Dr. Jaime Alberto Minchola Haro
					","Cardiólogo, Internista",,,,
"
						 Doris Sonia Guzman Chavez
					","Cardiólogo, Pediatra",,,,
"
						Dra. Carolina Luisa Guevara Caicedo
					",Cardiólogo,,,"El Polo 789, Surco",
"
						Dr. Walter Alberto Alarco Leon
					",Cardiólogo,,,"El Polo 789, Surco",
"
						Dr. Abilio Ernesto La Matta Castro
					",Cardiólogo,,,,
"
						 Roger Rivera Garmendia
					",Cardiólogo,,,,
"
						 Ida Angelica Arciniega Rojas
					",Cardiólogo,,,,
"
						 Esperanza Amalia N Mestas Nuñez
					",Cardiólogo,,,,
"
						 Victor Arnulfo Arce Machuca
					",Cardiólogo,,,,
"
						 Omar Alfonso Blas Estrada
					",Cardiólogo,,,,
"
						 Santiago Jose Campodonico Hoyos
					",Cardiólogo,,,,
"
						 Ana Luisa López Magallanes
					","Cardiólogo, Internista",,,,
"
						 Dajhana Medina Solorzano
					",Cardiólogo,,,,
"
						 Sandra Adela Negron Miguel
					",Cardiólogo,,,,
"
						 Maria Pia Reineria Romero Gavazzi
					",Cardiólogo,,,,
"
						Dr. Christian Inocente Soplopuco Palacios
					",Cardiólogo,,,"Av. Gregorio Escobedo 650, Lima",
"
						 Miguel Oscar Vargas Ezquerra
					",Cardiólogo,,,,
"
						 Jorge Gilberto Villalta Malqui
					",Cardiólogo,,,,
"
						 Jose Javier Valdivia Zeballos
					",Cardiólogo,,,,
"
						 Haydee Elizabeth Bautista Bendezu
					",Cardiólogo,,,,
"
						 Guadalupe Violeta Cabanillas Toro
					",Cardiólogo,,,,
"
						 Pablo Ernesto Cardenas Rojas
					",Cardiólogo,,,,
"
						 Bertha Aidee Gonzales Alvarez
					","Cardiólogo, Médico general",,,,
"
						 Nicolas Icanaque Yesang
					",Cardiólogo,,,,
"
						 Marcos Raúl Jauregui Contreras
					",Cardiólogo,,,,
"
						 Wilder Adolfo Sandoval Diaz
					",Cardiólogo,,,,
"
						 Ernesto Isaias Antonio Torres Ruiz
					","Cardiólogo, Internista",,,,
"
						 Anuor Humberto Ulloa Montoya
					","Cardiólogo, Médico general",,,,
"
						 Mario Fernando Zevallos Blas
					",Cardiólogo,,,,
"
						 Jorge Abelardo Alania de la Cruz
					",Cardiólogo,,,,
"
						 Alfonso Antonio Bryce Moncloa
					",Cardiólogo,,,,
"
						 Luis Castañeda Pilo-Pais
					",Cardiólogo,,,,
"
						 Paul Jose Hurtado Vasquez
					",Cardiólogo,,,,
"
						 Manuel Milmark Laura Lozada
					","Cardiólogo, Internista",,,,
"
						 Cesar Alfredo Salinas Mondragon
					",Cardiólogo,,,,
"
						 Salvador Teodoro Sialer Chaparro
					",Cardiólogo,,,,
"
						 Alfredo Ruben Vega Cisneros
					",Cardiólogo,,,,
"
						 Cesar Augusto Zavala Andrade
					",Cardiólogo,,,,
"
						 Marcos Henry Almendras Jaramillo
					",Cardiólogo,,,,
"
						 Mary Hilaria Panana Holgado
					",Cardiólogo,,,,
"
						 Luis Antonio Inga Ayac
					",Cardiólogo,,,,
"
						 Ricardo Jorge Abugattas Jasaui
					",Cardiólogo,,,,
"
						 Guido Eduardo Nicolas Battilana Suito
					","Cardiólogo, Internista",,,,
"
						 Sandro Felipe Cerna Nomberto
					",Cardiólogo,,,,
"
						Dr. Luis Guillermo Danessi Alvarez
					",Cardiólogo,,,,
"
						 German Francisco Henostroza Alzamora
					","Cardiólogo, Internista",,,,
"
						 Elver Diogenes Leguia Valentin
					",Cardiólogo,,,,
"
						 Fanny Cristina Otiniano Costa
					",Cardiólogo,,,,
"
						 José Antonio Pérez León
					","Cardiólogo, Internista",,,,
"
						 Rufo Martin Postigo Diaz
					",Cardiólogo,,,,
"
						 Juan Francisco Sanchez Moreno Ramos
					","Cardiólogo, Internista",,,,
"
						 Jose Alejandro Tueros Taipe
					",Cardiólogo,,,,
"
						 Luis Fernando Valverde Olortegui
					",Cardiólogo,,,,
"
						Dr. Luis Guillermo Danessi Alvarez
					",Cardiólogo,,,"Av. Paso De Los Andes 675, Pueblo Libre",
"
						 Elia Rosa Pinillos Ybañez
					",Cardiólogo,,,,
"
						 Telma Mercedes Avalos Aspajo
					",Cardiólogo,,,,
"
						 Rosa Isabel Caballero Morales
					",Cardiólogo,,,,
"
						 Rosa Maria Patricia Escudero Codina
					",Cardiólogo,,,,
"
						 Percy Adrian Garcia Arana
					",Cardiólogo,,,,
"
						Dr. Jose Humberto Oliveros Oyola
					",Cardiólogo,,,,
"
						 Carlos Melchor Alvarez Murillo
					",Cardiólogo,,,,
"
						 Miguel Angel Escudero Calmet
					",Cardiólogo,,,Lima,
"
						 Aida Elsa Medina Viglienzoni
					",Cardiólogo,,,,
"
						 Jorge Sebastian Reyes Villanes
					",Cardiólogo,,,,
"
						 James Jesus Mariano Zeppilli Kershaw
					",Cardiólogo,,,"Jirón Ancash, 809, Barrios Altos",
"
						 Cesar Enrique Campos Silva
					",Cardiólogo,,,,
"
						 Luis Alberto Dioses Rizzi
					","Cardiólogo, Internista",,,,
"
						 Tomas Walter Escobedo Ayala
					",Cardiólogo,,,,
"
						 Jose Candia Cahuana
					",Cardiólogo,,,,
"
						 Luis Emilio Delgado Agurto
					",Cardiólogo,,,,
"
						 Jose Aurelio La Torre Quino
					",Cardiólogo,,,,
"
						 Jose Alejandro Parodi Ramirez
					",Cardiólogo,,,,
"
						 Oscar Javier Ramirez Quito
					",Cardiólogo,,,,
"
						 Reynaldo Pastor Castillo Leon
					",Cardiólogo,,,,
"
						 Hector Eduardo Molina Calle
					",Cardiólogo,,,,
"
						 Emilio Pablo Choy Quintanilla
					",Cardiólogo,,,,
"
						Dr. Julio Roberto Durand Velasquez
					",Cardiólogo,,,,
"
						 Jose Guillermo Ercilla Sanchez
					",Cardiólogo,,,,
"
						 Edgar Damian Gloria Olivares
					",Cardiólogo,,,,
"
						 Guillermo Jose Ramirez Roman
					",Cardiólogo,,,,
"
						 Carlos Alfonso Francisco Rios Oliva
					",Cardiólogo,,,,
"
						Dr. Francisco Jose Sime Barbadillo
					",Cardiólogo,,,,
"
						Dr. Jose Guillermo Solano Alvarez
					",Cardiólogo,,,,
"
						 Hernan Roman Garcia Rondon
					",Cardiólogo,,,,
"
						 Dario Hernandez Alarcon
					",Cardiólogo,,,,
"
						 Jorge Luis Vinces Bazo
					",Cardiólogo,,,,
"
						 Regulo Jose Agusti Campos
					",Cardiólogo,,,,
"
						 Walter Daniel Yañez Vivanco
					",Cardiólogo,,,,
"
						 Cesar Italo Leon-Silva Lizarraga
					",Cardiólogo,,,,
"
						 Manuel Eduardo Horna Noriega
					",Cardiólogo,,,,
"
						 Emilio Alfredo Tafur Revilla
					",Cardiólogo,,,,
"
						 Hermogenes Saenz Loayza
					",Cardiólogo,,,Lima,
"
						Dr. Jose Alejandro Parra Galvan
					",Cardiólogo,,,,
"
						 Jose Armando Guerra Enriquez
					",Cardiólogo,,,,
"
						 Ana Maria Vergara Bao
					",Cardiólogo,,,,
"
						 Pablo Antonio Mendoza Novoa
					",Cardiólogo,,,,
"
						Dra. Esmeralda Rosalia Paucca Montoya
					",Cardiólogo,,,,
"
						 Gustavo Rivara Ruiz
					",Cardiólogo,,,,
"
						 Cesar Enrique Salvador Ulloa
					",Cardiólogo,,,,
"
						 Jorge Maximo Gomez Sanchez
					",Cardiólogo,,,,
"
						 Cesar Felix Enrique Longaray Chau
					",Cardiólogo,,,,
"
						 José Henrry Daniel Jibaja Huarca
					",Cardiólogo,,,,
"
						 Manuel Francisco Solis Ustria
					",Cardiólogo,,,,
"
						 David Andres Moreyra Espichan
					",Cardiólogo,,,,
"
						 Irma Gladys Arima Fujita
					",Cardiólogo,,,,
"
						Dra. Rocio Janet Mendoza Calvo
					","Cardiólogo, Internista",,,,
"
						 Kattia Kaseli Paredes Sevilla
					","Cardiólogo, Médico general",,,,
"
						Dr. Carlos Manuel Castañeda Leon
					",Cardiólogo,,,Lima,
"
						Dr. Carlos Manuel Castañeda Leon
					",Cardiólogo,,,,
"
						 Gustavo Edward Valderrama Valle
					",Cardiólogo,,,,
"
						 Luis Alejandro Curotto de la Cruz
					",Cardiólogo,,,,
"
						 German Francisco Fernandez Carrasco
					",Cardiólogo,,,,
"
						 Ricardo Antonio Castillo Campos
					",Cardiólogo,,,,
"
						 Baltazar Elmer Sanchez Pereda
					",Cardiólogo,,,,
"
						 Jose Otoniel Garayar Lopez
					",Cardiólogo,,,,
"
						 Jesus Poma Claros
					",Cardiólogo,,,,
"
						 Victor Huisa Lopez
					",Cardiólogo,,,,
"
						 Juan Carlos Moron Siguas
					","Cardiólogo, Especialista en administración de salud",,,,
"
						Dra. Cecilia Clemencia Libertad Peña Perret
					",Cardiólogo,,,,
"
						Dr. Fernando Alfredo Munayco Martinez
					",Cardiólogo,,,,
"
						 Marva Perez-Palma Gustavson
					",Cardiólogo,,,,
"
						 Miguel Ricardo Sanchez Palacios Paiva
					",Cardiólogo,,,,
"
						 Raul Alfredo Fernandez Campodonico
					",Cardiólogo,,,,
"
						 Waldo Alberto Fernandez Duran
					",Cardiólogo,,,,
"
						 Ricardo Subiria Carrillo
					",Cardiólogo,,,,
"
						 Rosa Anthoanet Soto Medina
					",Cardiólogo,,,,
"
						 Edwin Ulises Mauro Uribe Badillo
					",Cardiólogo,,,,
"
						 Carlos Augusto Martorrel Carreño
					",Cardiólogo,,,,
"
						 Gabriela Ysabel Guevara Castilla
					","Cardiólogo, Internista",,,,
"
						 Juan Manuel Kunikami Ynafuku
					",Cardiólogo,,,,
"
						 Victoria Celeste Armas Rodriguez
					","Cardiólogo, Médico general",,,Lima,
"
						 Rosalia Ofelia Fernandez Coronado
					",Cardiólogo,,,,
"
						 Carmen Garayar Campos
					",Cardiólogo,,,,
"
						 Leopoldo Munive Sarmiento
					","Cardiólogo, Internista",,,,
"
						 Mario Cesar Zubiate Talledo
					",Cardiólogo,,,,
"
						 Yudy Miluska Roldan Concha
					",Cardiólogo,,,"Av. Los Constructores 1272 , La Molina",
"
						 Libia Isabel Lu Galarreta
					",Cardiólogo,,,,
"
						 Maria Teresa Isabel Vasquez Namuche
					",Cardiólogo,,,,
"
						 Jorge Vicente Burgos Bustamante
					",Cardiólogo,,,,
"
						 Hipolito Sanchez Tejada
					",Cardiólogo,,,,
"
						 Jaime Aurelio Obando Carbajal
					",Cardiólogo,,,Lima,
"
						 Maria Angelica Lourdes Lengua Morales
					",Cardiólogo,,,,
"
						 Jorge Luis Ortega Diaz
					","Cardiólogo, Médico general",,,,
"
						Dr. Evert Edgardo Torrejon Carbajal
					",Cardiólogo,,,"Av Benavides 5362, Surco",
"
						Dr. Abel Lorenzo Zubiaga Gosicha
					",Cardiólogo,,,Lima,
"
						Dra. Miriam Cecibel Ramirez Boulangger
					",Cardiólogo,,,,
"
						 Luis Arturo Lira Guillen
					",Cardiólogo,,,,
"
						 Rosibel Marcoza Bustamante Salcedo
					",Cardiólogo,,,,
"
						 Carlos Alberto Pino Morales
					",Cardiólogo,,,,
"
						 Enrique Francisco Pareja Perbuli
					",Cardiólogo,,,,
"
						Dr. Wherter Hernan Vela Jara
					",Cardiólogo,,,,
"
						 Wilfredo Bolaños Vergaray
					",Cardiólogo,,,,
"
						 Guido Battilana Dasso
					",Cardiólogo,,,,
"
						 Aldo Edwin Rodriguez Escudero
					",Cardiólogo,,,,
"
						 Julio Cesar Camacho Ramirez
					",Cardiólogo,,,,
"
						 Manuel Alberto Chacon Diaz
					",Cardiólogo,,,,
"
						 Ofelia Araoz Tarco
					",Cardiólogo,,,"Av. El Polo 570, Lima",
"
						 Jose Luciano Zelaya Vargas
					",Cardiólogo,,,,
"
						 Oscar Nelson Aguirre Zurita
					",Cardiólogo,,,,
"
						 Jorge Arturo Alban Moral
					",Cardiólogo,,,,
"
						 Oscar Enrique Pereira Salinas
					",Cardiólogo,,,,
"
						 Cecilio Ausberto Zamora Huaman
					",Cardiólogo,,,,
"
						 Henry Alexander Anchante Hernandez
					",Cardiólogo,,,,
"
						 Jose Rosales Rosales
					",Cardiólogo,,,,
"
						 Juan Ernani Dyer Otero
					",Cardiólogo,,,,
"
						 Fernando Carlos Aristides Rios Carrillo
					",Cardiólogo,,,,
"
						 Franklin Roberto Espinoza Mori
					","Cardiólogo, Especialista en medicina nuclear",,,Lima,
"
						 Braulio Lorena Mejia
					",Cardiólogo,,,,
"
						 Julio Edilberto Gutierrez Garcia
					",Cardiólogo,,,,
"
						 Roberto Marin Sojo
					",Cardiólogo,,,,
"
						 Jesus Alfredo Ferreyra Mejia
					",Cardiólogo,,,,
"
						 Eduardo Jorge Zuleta Arcila
					",Cardiólogo,,,,
"
						 Javier Eusebio Pinto Concha
					","Cardiólogo, Internista",,,Lima,
"
						 Edith Haydee Chavez Huapalla
					",Cardiólogo,,,,
"
						 Guillermo Jesus Bustamante Novella
					",Cardiólogo,,,,
"
						 Felix Alonso Revilla Manchego
					",Cardiólogo,,,,
"
						 Marcial Contreras Soncco
					",Cardiólogo,,,Lima,
"
						 Maximo Fernan Delgado Pozo
					",Cardiólogo,,,,
"
						 Luis Edgardo Dulanto Monteverde
					","Cardiólogo, Internista",,,,
"
						 Simon Pascual Hurtado Cano
					",Cardiólogo,,,,
"
						 Felix Enrique Navarro Casas
					",Cardiólogo,,,,
"
						 Marco Antonio Almeri Estrada
					","Cardiólogo, Médico general",,,,
"
						 Rafael Humberto Larco Gonzales
					",Cardiólogo,,,,
"
						 Diego Alonso Arteta Caceres
					",Cardiólogo,,,,
"
						 Pedro Bernardo Pino del Pozo
					",Cardiólogo,,,,
"
						 Oscar Herrera de los Santos
					",Cardiólogo,,,,
"
						 Carlos Silva Campos
					",Cardiólogo,,,,
"
						 Pedro Gavino Yanac Chavez
					",Cardiólogo,,,,
"
						 Pedro Antonio Huamani Pucllas
					","Cardiólogo, Internista",,,,
"
						 Gustavo Luis Saravia Risso
					",Cardiólogo,,,,
"
						 Rodolfo Ramon Barreto Farfan
					",Cardiólogo,,,,
"
						 Aurelio Sanchez Andoyza
					",Cardiólogo,,,Lima,
"
						 Javier William Rivas Chavez
					",Cardiólogo,,,,
"
						 Maximo Enrique Loo Leon
					",Cardiólogo,,,,
"
						 Mario Alberto Vargas Galgani
					",Cardiólogo,,,,
"
						 Pedro Martin Salazar Caceres
					",Cardiólogo,,,,
"
						 Jose Manuel Chaman Ortiz
					",Cardiólogo,,,,
"
						 Ivonne Scarlett Deonicio Palpan
					",Cardiólogo,,,,
"
						 Jose Antonio Alvarado Rodriguez
					",Cardiólogo,,,,
"
						 Carlos Jorge Schoster Hernandez
					",Cardiólogo,,,,
"
						 Renzo Barbini
					",Cardiólogo,,,,
"
						 Miguel Agustin Reyes Rocha
					",Cardiólogo,,,"Av. Rebagliati 490, Jesús María",
"
						 Aida del Carmen Rotta Rotta
					","Cardiólogo, Internista",,,"Av. Honorio Delgado 370, Lima",
"
						 Carlos Rodolfo Yarleque Gomez-Silva
					",Cardiólogo,,,,
"
						 Lucy Hayde Calderon Valderrama
					",Cardiólogo,,,,
"
						Dr. Zosimo Venancio Pineda Mejia
					","Cardiólogo, Internista",,,,
"
						 Frank Wallace Britto Palacios
					",Cardiólogo,,,,
"
						 Armando Lionel Godoy Palomino
					",Cardiólogo,,,,
"
						 Cesar Antonio Larrauri Vigna
					",Cardiólogo,,,,
"
						 Roberto Carlos Baltodano Arellano
					",Cardiólogo,,,,
"
						 Jorge Jesus Gamarra Iturregui
					","Cardiólogo, Pediatra",,,,
"
						 Leon Eduardo Armando Diez Martinez
					",Cardiólogo,,,,
"
						 Osmani Janampa Quispe
					",Cardiólogo,,,,
"
						 Davide Corrado Martin Magnani Martinez
					",Cardiólogo,,,,
"
						 Claudio Guido Mori Gonzales
					","Cardiólogo, Internista",,,,
"
						 Miguel Angel Mini Miranda
					",Cardiólogo,,,,
"
						 Luis Segura Vega
					",Cardiólogo,,,,
"
						 Ciro Alberto Barrantes Alarcón
					",Cardiólogo,,,,
"
						 Luis Alejandro Gonzales Reyes
					",Cardiólogo,,,,
"
						 Jose Manuel Sosa Rosado
					",Cardiólogo,,,"Av. Garcilaso de la Vega 1420, Lima",
"
						 Mario Ricardo Carhuancho Lucen
					",Cardiólogo,,,,
"
						 Ana Bertha Remuzgo Lepaje
					",Cardiólogo,,,,
"
						 Leonor Zoila Melgarejo Dextre
					","Cardiólogo, Médico general",,,,
"
						 Herbert Bittrich Gomez-Sanchez
					",Cardiólogo,,,,
"
						 Juan Alberto Cubas Castro
					",Cardiólogo,,,,
"
						 Jose Manuel Americo Drago Silva
					",Cardiólogo,,,,
"
						 Felix Alvaro Medina Palomino
					",Cardiólogo,,,"Av. Angamos Oeste, cuadra 4 (Esquina con la calle General Borgoño), Miraflores",
"
						 Dwight Ramiro Gerald Velasquez Sifuentes
					",Cardiólogo,,,,
"
						 Zoila Leticia Diaz Orrego
					",Cardiólogo,,,,
"
						 Dantes Gustavo Ordinola Pineda
					",Cardiólogo,,,,
"
						 Jose Luis Nuñez Encinas
					",Cardiólogo,,,,
"
						 Bacilio Grimaldo Peña Flores
					",Cardiólogo,,,,
"
						 Cecilia Aurora Cuevas de la Cruz
					",Cardiólogo,,,,
"
						 Aldo Justo Gutierrez Boudry
					",Cardiólogo,,,,
"
						 Pedro Nuñez Torres
					",Cardiólogo,,,,
"
						 Sonia Victoria Alvarado Vargas
					",Cardiólogo,,,,
"
						 Roxana del Milagro Cardenas Ormeño
					",Cardiólogo,,,,
"
						Dr. John Adaly Gallegos Jara
					",Cardiólogo,,,"Av Benavides 5362, Surco",
"
						 Jorge Rolando Hidalgo Rosales
					",Cardiólogo,,,,
"
						 Gustavo Ernesto Delgado Matallana
					","Cardiólogo, Geriatra",,,,
"
						Dr. Carlos Domingo Lopez Calderon
					",Cardiólogo,,,,
"
						 Freddy Acosta Valer
					",Cardiólogo,,,,
"
						 Patricio Rafael Martin Doig Bernuy
					",Cardiólogo,,,,
"
						 Herbert Alejandro Lopez Echazu
					",Cardiólogo,,,,
"
						 Pio Daniel Zelaya Castro
					",Cardiólogo,,,,
"
						 Oswaldo Nestor Lescano Lopez
					",Cardiólogo,,,,
"
						 Javier Jair Obregon Oblitas
					",Cardiólogo,,,,
"
						 Rodolfo Leon Carpio
					",Cardiólogo,,,,
"
						 Felix Humberto Nunura Arrese
					",Cardiólogo,,,,
"
						 Miguel Ángel Amador Andrade Mondoñedo
					",Cardiólogo,,,,
"
						 Angelica Corvacho Bolaños
					",Cardiólogo,,,,
"
						 Jaime Cesar Espinoza Solis
					","Cardiólogo, Internista",,,,
"
						 Carlos Enrique Ruiz Mori
					",Cardiólogo,,,,
"
						 Roberto Jose Carbonel Pezo
					",Cardiólogo,,,,
"
						 Vladimir Carlos Rea Calvo
					",Cardiólogo,,,,
"
						 Carolina Lili Pimentel Fernandez
					",Cardiólogo,,,,
"
						 Augusto Armando Estremadoyro Pardo
					",Cardiólogo,,,,
"
						 Marco Antonio Pastrana Castillo
					",Cardiólogo,,,,
"
						 Liliana Socorro Benavente Montoya
					",Cardiólogo,,,,
"
						 Victor Roberto Hernandez Marquez
					",Cardiólogo,,,,
"
						 Hugo Arturo Dejo Bustios
					",Cardiólogo,,,,
"
						 Miguel Jose Macalopu Castillo
					",Cardiólogo,,,,
"
						 Isolina Aburto Soria
					",Cardiólogo,,,,
"
						 Jose Roberto Murillo Beteta
					",Cardiólogo,,,"Av. Paso De Los Andes 675, Pueblo Libre",
"
						 Lisbeth Hilda Sanchez Zuñiga
					",Cardiólogo,,,,
"
						 Leonor Estela Ayala Bustamante
					",Cardiólogo,,,,
"
						 Omar Alberto Palacios Barrios
					",Cardiólogo,,,,
"
						 Jorge Roger Castro Loayza
					",Cardiólogo,,,,
"
						 Waldeyer Swat Becerra Carranza
					",Cardiólogo,,,,
"
						 Jose Enrique Tordoya Cabezas
					",Cardiólogo,,,,
"
						 Segundo Asuncion Gallardo Vallejo
					",Cardiólogo,,,Lima,
"
						 Jorge Eleazar Bravo Mannucci
					",Cardiólogo,,,,
"
						 Gustavo Roberto Miranda Rivas
					",Cardiólogo,,,Lima,
"
						 Jorge Enrique Tapia Colonna
					",Cardiólogo,,,,
"
						 Ana Cecilia Gonzales Luna
					",Cardiólogo,,,,
"
						 Alex Gallegos Cazorla
					",Cardiólogo,,,,
"
						Clínica Limatambo
					","Cardiólogo, Alergista, Patólogo","
						
							223
							opinión
						
					","
						<span class=""opinion-numeral font-weight-normal"" data-eecommerce-action=""product-click"">
							223
							opinión
						</span>
					",,
"
						Clínica San Felipe
					","Cardiólogo, Anestesiólogo, Cirujano vascular","
						
							307
							opinión
						
					","
						<span class=""opinion-numeral font-weight-normal"" data-eecommerce-action=""product-click"">
							307
							opinión
						</span>
					",,
"
						Clínica Anglo Americana - Sede San Isidro
					","Cardiólogo, Alergista, Patólogo","
						
							106
							opinión
						
					","
						<span class=""opinion-numeral font-weight-normal"" data-eecommerce-action=""product-click"">
							106
							opinión
						</span>
					",,
"
						Clinica Good Hope
					","Cardiólogo, Alergista, Anestesiólogo","
						
							311
							opinión
						
					","
						<span class=""opinion-numeral font-weight-normal"" data-eecommerce-action=""product-click"">
							311
							opinión
						</span>
					",,
"
						Auna -  Clínica Bellavista
					","Cardiólogo, Anestesiólogo, Cirujano general","
						
							34
							opinión
						
					","
						<span class=""opinion-numeral font-weight-normal"" data-eecommerce-action=""product-click"">
							34
							opinión
						</span>
					",,
"
						Clinica Providencia
					","Cardiólogo, Cirujano general, Gastroenterólogo","
						
							16
							opinión
						
					","
						<span class=""opinion-numeral font-weight-normal"" data-eecommerce-action=""product-click"">
							16
							opinión
						</span>
					",,
"
						Clinica Santa María del Sur - Complejo Hospitalario San Pablo
					","Cardiólogo, Alergista, Cirujano vascular","
						
							15
							opinión
						
					","
						<span class=""opinion-numeral font-weight-normal"" data-eecommerce-action=""product-click"">
							15
							opinión
						</span>
					",,
"
						Hospital Edgardo Rebagliati Martins
					","Cardiólogo, Especialista en administración de salud, Alergista","
						
							370
							opinión
						
					","
						<span class=""opinion-numeral font-weight-normal"" data-eecommerce-action=""product-click"">
							370
							opinión
						</span>
					",,
"
						Complejo Hospitalario San Pablo - Clinica San Gabriel
					","Cardiólogo, Alergista, Cirujano cardiovascular y torácico","
						
							217
							opinión
						
					","
						<span class=""opinion-numeral font-weight-normal"" data-eecommerce-action=""product-click"">
							217
							opinión
						</span>
					",,
"
						Clinica Vesalio
					","Cardiólogo, Cirujano cardiovascular y torácico, Cirujano general","
						
							127
							opinión
						
					","
						<span class=""opinion-numeral font-weight-normal"" data-eecommerce-action=""product-click"">
							127
							opinión
						</span>
					",,
"
						Clínica Delgado Lima Auna
					","Cardiólogo, Alergista, Cirujano general","
						
							80
							opinión
						
					","
						<span class=""opinion-numeral font-weight-normal"" data-eecommerce-action=""product-click"">
							80
							opinión
						</span>
					",,
"
						Clinica Ricardo Palma
					","Cardiólogo, Cirujano plástico, Dermatólogo","
						
							31
							opinión
						
					","
						<span class=""opinion-numeral font-weight-normal"" data-eecommerce-action=""product-click"">
							31
							opinión
						</span>
					",,
"
						Clínica San Judas Tadeo
					","Cardiólogo, Cirujano general, Geriatra","
						
							27
							opinión
						
					","
						<span class=""opinion-numeral font-weight-normal"" data-eecommerce-action=""product-click"">
							27
							opinión
						</span>
					",,
"
						Clinica Javier Prado
					","Cardiólogo, Cirujano cardiovascular y torácico, Cirujano general","
						
							43
							opinión
						
					","
						<span class=""opinion-numeral font-weight-normal"" data-eecommerce-action=""product-click"">
							43
							opinión
						</span>
					",,
"
						Clinica Maison de Sante-Surco
					","Cardiólogo, Alergista, Anestesiólogo","
						
							89
							opinión
						
					","
						<span class=""opinion-numeral font-weight-normal"" data-eecommerce-action=""product-click"">
							89
							opinión
						</span>
					",,
"
						Clínica de Día Jockey Salud
					","Cardiólogo, Alergista, Patólogo","
						
							60
							opinión
						
					","
						<span class=""opinion-numeral font-weight-normal"" data-eecommerce-action=""product-click"">
							60
							opinión
						</span>
					",,
"
						Clinica El Golf
					","Cardiólogo, Cirujano general, Cirujano maxilofacial","
						
							52
							opinión
						
					","
						<span class=""opinion-numeral font-weight-normal"" data-eecommerce-action=""product-click"">
							52
							opinión
						</span>
					",,
"
						Clinica San Borja
					","Cardiólogo, Alergista, Patólogo","
						
							185
							opinión
						
					","
						<span class=""opinion-numeral font-weight-normal"" data-eecommerce-action=""product-click"">
							185
							opinión
						</span>
					",,
"
						Clínica Médica Cayetano Heredia
					","Cardiólogo, Alergista, Anestesiólogo","
						
							69
							opinión
						
					","
						<span class=""opinion-numeral font-weight-normal"" data-eecommerce-action=""product-click"">
							69
							opinión
						</span>
					",,
"
						Clinica del Hospital Maria Auxiliadora
					","Cardiólogo, Cirujano cardiovascular y torácico, Cirujano general","
						
							36
							opinión
						
					","
						<span class=""opinion-numeral font-weight-normal"" data-eecommerce-action=""product-click"">
							36
							opinión
						</span>
					",,
"
						Clinica San Camilo
					","Cardiólogo, Cirujano general, Cirujano pediátrico","
						
							19
							opinión
						
					","
						<span class=""opinion-numeral font-weight-normal"" data-eecommerce-action=""product-click"">
							19
							opinión
						</span>
					",,
"
						Clínica Miraflores
					","Cardiólogo, Anestesiólogo, Bioquímico","
						
							33
							opinión
						
					","
						<span class=""opinion-numeral font-weight-normal"" data-eecommerce-action=""product-click"">
							33
							opinión
						</span>
					",,
"
						Clinica Ricardo Palma
					","Cardiólogo, Cirujano general, Endocrinólogo","
						
							18
							opinión
						
					","
						<span class=""opinion-numeral font-weight-normal"" data-eecommerce-action=""product-click"">
							18
							opinión
						</span>
					",,
"
						Clinica Lezza
					","Cardiólogo, Anestesiólogo, Cirujano general","
						
							24
							opinión
						
					","
						<span class=""opinion-numeral font-weight-normal"" data-eecommerce-action=""product-click"">
							24
							opinión
						</span>
					",,
"
						Clinica Gonzalez
					","Cardiólogo, Anestesiólogo, Cirujano cardiovascular y torácico","
						
							56
							opinión
						
					","
						<span class=""opinion-numeral font-weight-normal"" data-eecommerce-action=""product-click"">
							56
							opinión
						</span>
					",,
"
						Hospital Nacional Arzobispo Loazya
					","Cardiólogo, Patólogo, Anestesiólogo","
						
							116
							opinión
						
					","
						<span class=""opinion-numeral font-weight-normal"" data-eecommerce-action=""product-click"">
							116
							opinión
						</span>
					",,
"
						Hospital Militar Central ""Luis Arias Schreiber""
					","Cardiólogo, Patólogo, Anestesiólogo","
						
							21
							opinión
						
					","
						<span class=""opinion-numeral font-weight-normal"" data-eecommerce-action=""product-click"">
							21
							opinión
						</span>
					",,
"
						Oncosalud
					","Cardiólogo, Cirujano cardiovascular y torácico, Cirujano general","
						
							3
							opinión
						
					","
						<span class=""opinion-numeral font-weight-normal"" data-eecommerce-action=""product-click"">
							3
							opinión
						</span>
					",,
"
						Hospital Arzobispo Loayza
					","Cardiólogo, Cirujano general, Gastroenterólogo","
						
							4
							opinión
						
					","
						<span class=""opinion-numeral font-weight-normal"" data-eecommerce-action=""product-click"">
							4
							opinión
						</span>
					",,
"
						Clinica Monterrico
					","Cardiólogo, Médico general, Urólogo","
						
							10
							opinión
						
					","
						<span class=""opinion-numeral font-weight-normal"" data-eecommerce-action=""product-click"">
							10
							opinión
						</span>
					",,
"
						Policlinico Peruano Japones
					","Cardiólogo, Cirujano general, Dermatólogo","
						
							14
							opinión
						
					","
						<span class=""opinion-numeral font-weight-normal"" data-eecommerce-action=""product-click"">
							14
							opinión
						</span>
					",,
"
						Clínica de Ojos Opeluce
					","Cardiólogo, Oftalmólogo","
						
							5
							opinión
						
					","
						<span class=""opinion-numeral font-weight-normal"" data-eecommerce-action=""product-click"">
							5
							opinión
						</span>
					",,
"
						Policlinico Nuestra Señora de los Angeles
					","Cardiólogo, Psiquiatra",,,,
"
						Centro Cardiológico Mispireta
					",Cardiólogo,,,,
"
						Hospitales de la Solidaridad Surquiilo-Lima Centro-Ate-Carabayllo-Pata Hermosa
					",Cardiólogo,,,,
"
						Hospitales Solidaridad Salud. Camana Lima Centro, Surquillo, Ate, Pta Hermosa.
					","Cardiólogo, Ginecólogo",,,,
"
						Corazon Sano
					",Cardiólogo,,,,
"
						Hospital Sabogal Essalud
					","Cardiólogo, Cirujano general, Cirujano maxilofacial",,,,
"
						Medisport
					","Cardiólogo, Médico general",,,,
"
						Clinicor
					","Cardiólogo, Podólogo",,,,
"
						Policlínico Ntra. Sra. de los Angeles
					",Cardiólogo,,,,
"
						Medicis
					","Cardiólogo, Ginecólogo",,,,
"
						Instituto Neurocardiovascular de las Americas
					","Cardiólogo, Cirujano vascular, Cirujano cardiovascular y torácico",,,,
"
						Policlinico Oprece
					","Cardiólogo, Oftalmólogo",,,,
"
						Clínica Señor de Cachuy
					","Cardiólogo, Bioquímico, Fisioterapeuta",,,,
"
						Hospital Nacional Hipolito Unanue
					","Cardiólogo, Cirujano cardiovascular y torácico, Cirujano general",,,,
"
						Clínica La Luz
					","Cardiólogo, Alergista, Cirujano cardiovascular y torácico",,,,
"
						Clinica Montefiori
					","Cardiólogo, Cirujano maxilofacial, Dermatólogo",,,,
"
						Medex
					","Cardiólogo, Endocrinólogo, Médico general",,,,
"
						Incor Instituto Nacional Cardiovascular
					","Cardiólogo, Anestesiólogo, Especialista en medicina intensiva","
						
							6
							opinión
						
					","
						<span class=""opinion-numeral font-weight-normal"" data-eecommerce-action=""product-click"">
							6
							opinión
						</span>
					",,
"
						Dr. Carlos Debarbieri Noriega
					",Cardiólogo,,,,
"
						Dra. Victoria Armas Rodriguez
					","Cardiólogo, Médico general",,,"El Polo 789, Surco",
"
						Dra. Doris Sonia Guzman Chavez De Gonzales
					",Cardiólogo,,,,
"
						Dr. Luis Enrique Bustos Lahura
					",Cardiólogo,,,,
"
						Dra. María Lapoint Montes De Laura
					",Cardiólogo,,,,
"
						Dr. Dwight Velasquez Sifuentes
					",Cardiólogo,,,,
"
						Dr. Boris Orihuela Pastor
					",Cardiólogo,,,,
"
						Dra. Maria Elena Loo Valverd
					",Cardiólogo,,,,
"
						Dr. Cesar Nicolas Conde
					",Cardiólogo,,,,
"
						Dr. Walter Escobedo Ayala
					",Cardiólogo,,,,
"
						Dra. Nancy Luzmila Ganiku Furugen
					",Cardiólogo,,,,
"
						Dra. Stella Ludmila Lucena Betancourt
					",Cardiólogo,,,,
"
						Dr. Guillermo Ercilla Sanchez
					",Cardiólogo,,,,
"
						Dr. Ernesto La Matta Castro
					",Cardiólogo,,,,
"
						 Odorico Bernardino Belzusarri Guillen
					",Cardiólogo,,,,
"
						Dr. Manuel A Chacon Diaz
					",Cardiólogo,,,,
"
						Dr. Helard Luna Rivera
					",Cardiólogo,,,,
"
						Dra. Isabel del Rocio Gutierrez Arcila
					",Cardiólogo,,,Lima,
"
						 Blanca Maria del Rosario Martinez Gutierrez
					","Cardiólogo, Geriatra",,,,
"
						 Segundo Jesus Orrego Silva
					",Cardiólogo,,,,
"
						 Evelyn Sanchez Hurtado
					",Cardiólogo,,,,
"
						 Percy Enrique Salomon Vildoso
					",Cardiólogo,,,,
"
						Dr. Percy Freyre Velarde-Alvarez
					",Cardiólogo,,,,
"
						Dra. Maria Angelica Lourdes Lengua Morales De Mendiolaza
					",Cardiólogo,,,,
"
						Dra. Bertha González Álvarez
					",Cardiólogo,,,,
"
						 Abdon Segundo Salazar Moran
					",Cardiólogo,,,,
"
						 Ricardo Cassinelli Inurritegui
					",Cardiólogo,,,,
"
						 Carlos Gaviria Tafur
					",Cardiólogo,,,,
"
						 Aquiles Benedicto Vera Gomez
					",Cardiólogo,,,,
"
						Dra. Guadalupe Cabanilla
					",Cardiólogo,,,,
"
						Dr. Enrique Loo León
					",Cardiólogo,,,,
"
						Dr. Fernando Majluf Carlin
					",Cardiólogo,,,,
"
						 Patricia Rios Navarro
					",Cardiólogo,,,,
"
						Dr. Henrry Daniel Jibaja Huarca
					",Cardiólogo,,,,
"
						Dr. Ronald Merino Del Rosario
					",Cardiólogo,,,,
"
						Dr. Roger Martin Correa Flores
					",Cardiólogo,,,,
"
						 Juan Patricio Jose Alzamora Pierantoni
					",Cardiólogo,,,,
"
						 Otilia Magda Vargas Amado
					",Cardiólogo,,,,
"
						Dr. Jaime Obando Carbajal
					",Cardiólogo,,,,
"
						Dr. Italo Martín Unes Rumiche
					","Cardiólogo, Cirujano maxilofacial",,,,
"
						Dr. Edgar Gloria Olivares
					",Cardiólogo,,,,
"
						Dr. Eduardo Magno Ponce Galarza
					",Cardiólogo,,,,
"
						Dr. Wilfredo Ezquerra Aguilar
					",Cardiólogo,,,,
"
						Dr. Augusto Francisco Chois Malaga
					",Cardiólogo,,,,
"
						 Renato Alejandro Reyes Hernandez
					",Cardiólogo,,,,
"
						Dra. Violeta Illatopa Cerna
					",Cardiólogo,,,,
"
						 Irma Domitila Sanchez Aliaga
					",Cardiólogo,,,,
"
						Dr. Henry Anchante Hernández
					",Cardiólogo,,,,
"
						Dr. Nelson García Ch.
					",Cardiólogo,,,,
"
						Dr. Luis Dioses Rizzi
					",Cardiólogo,,,,
"
						Dr. Pablo Mendoza Novoa
					",Cardiólogo,,,,
"
						 Jefferson Romeo Alava Curto
					",Cardiólogo,,,,
"
						 Tomas Octavio Gutierrez Alberoni
					",Cardiólogo,,,,
"
						 Jaime Julian Camacho Fuentes
					",Cardiólogo,,,,
"
						 Luis Manuel Toche Yañez
					",Cardiólogo,,,,
"
						Dr. Patricio Alzamora Pierantoni
					",Cardiólogo,,,,
"
						Dr. Emilio Tafur Revilla
					",Cardiólogo,,,,
"
						Dr. Hugo Lincol Torrejon Carbajal
					",Cardiólogo,,,,
"
						 Guillermo Gustavo Tobalina Yañez
					",Cardiólogo,,,,
"
						 Carlos Francisco Ruiz Estrada
					",Cardiólogo,,,,
"
						Dr. Jorge Luis Mispireta Vargas
					",Cardiólogo,,,,
"
						Dr. Jorge Ortega Díaz
					",Cardiólogo,,,,
"
						 Enrique Saúl Sanabria Pérez
					",Cardiólogo,,,,
"
						 Carlos Tapia Acosta
					",Cardiólogo,,,,
"
						 Juan Alfredo Benavides Zuñiga
					",Cardiólogo,,,,
"
						 Leonel Octavio Vasquez Montoya
					",Cardiólogo,,,,
"
						Dr. Rafael Doig Bernuy
					",Cardiólogo,,,,
"
						Dr. Ronald Gamarra
					",Cardiólogo,,,,
"
						 Walter Alejandro Zavala Campos
					",Cardiólogo,,,,
"
						Dr. Oscar Vargas E
					",Cardiólogo,,,,
"
						Dr. Javier Heredia Landeo
					",Cardiólogo,,,,
"
						Dr. Bertha Gonzáles Álvarez
					",Cardiólogo,,,,
"
						Dr. Luis Toce Yañez
					",Cardiólogo,,,,
"
						 Rogel Salazar Infantas
					",Cardiólogo,,,,
"
						Dr. José Jibaja Huarca
					",Cardiólogo,,,,
"
						 Luis Carlos Razzeto Rios
					",Cardiólogo,,,Lima,
"
						Dra. Fanny Otiniano Costa
					",Cardiólogo,,,,
"
						Dr. Herbert Bittrich Gómez Sánchez
					",Cardiólogo,,,,
"
						 Juan Augusto Flores Ponce
					",Cardiólogo,,,,
"
						 Ricardo Bruno Arce Cano
					",Cardiólogo,,,,
"
						 Abraham Flores Gamero
					",Cardiólogo,,,,
"
						Dr. Jose Gustavo Rivara Ruiz
					",Cardiólogo,,,,
"
						Dr. Angel Diaz Escalante
					",Cardiólogo,,,"Av. Rebagliati 490, Jesús María",
"
						 Mary Kanashiro Higa
					",Cardiólogo,,,,
"
						 Guillermo Eloy Orbegoso Angeles
					",Cardiólogo,,,,
"
						Dr. Marco Antonio Alzamora Iriarte
					",Cardiólogo,,,,
"
						 Javier Manuel Heredia Landeo
					",Cardiólogo,,,,
"
						 Cesar Alejandro Houzvic Bravo
					",Cardiólogo,,,,
"
						Dr. Jose Quiroz Burgos
					",Cardiólogo,,,,
"
						Dr. Luis Watanabe Tashima
					",Cardiólogo,,,"Av. Gregorio Escobedo 650, Lima",
"
						Dr. Santiago Campodonico Hoyos
					",Cardiólogo,,,,
"
						 Jorge Martín Mispireta Robles
					",Cardiólogo,,,,
"
						 Fernando Andres Tapia Mendieta
					","Cardiólogo, Internista",,,,
"
						 Cesar Rolando Alarcon Rangel
					",Cardiólogo,,,,
"
						Dr. Julián Eduardo Chuquiure Lardizabal
					",Cardiólogo,,,,
"
						 Victor Julio Castro Cahuas
					",Cardiólogo,,,,
"
						 Geem M Huaringa Bejarano
					",Cardiólogo,,,,
"
						 Carlos Manuel Barrueta Caldas
					",Cardiólogo,,,,
"
						 Luis Alfredo Reategui Lopez
					",Cardiólogo,,,,
"
						Dr. Pedro Yanac Chávez
					",Cardiólogo,,,,
"
						Dr. Jose Tapia Leonardo
					",Cardiólogo,,,,
"
						Dr. David Alberto Tellez Farfán
					",Cardiólogo,,,"Av. Honorio Delgado 370, Lima",
"
						 Carlos Hernandez Camarero
					","Cardiólogo, Internista",,,,
"
						Dr. Mario Vargas Galgani
					",Cardiólogo,,,,
"
						 Carmen Patricia Rebaza Miyasato
					",Cardiólogo,,,,
"
						 Luis Ovidio Canchaya Osorio
					",Cardiólogo,,,,
"
						 Rodano Antartico Paredes Alpaca
					",Cardiólogo,,,,
"
						 Jorge Antonio Tuma Mubarak
					",Cardiólogo,,,"Av. Gregorio Escobedo 650, Lima",
"
						Dra. Maritza Rosales Vidal
					",Cardiólogo,,,"Av. El Polo 570, Lima",
"
						 Jorge Manuel Castañeda Alvarez
					",Cardiólogo,,,,
"
						Dra. Liliana Benavente Montoya
					",Cardiólogo,,,"Av. Paso De Los Andes 675, Pueblo Libre",
"
						 Ricardo Cesar Vera Bisso
					",Cardiólogo,,,,
"
						 Eddy Percy Jesus Freyre Velarde-Alvarez
					",Cardiólogo,,,,
"
						 Aldo Gerdy Martinez Alfaro
					",Cardiólogo,,,,
"
						Dr. Frank Ilazaca Cahuata
					",Cardiólogo,,,,
"
						 Cesar Delgado Sayan
					","Cardiólogo, Internista",,,,
"
						 Juan Wilfredo Parra Villanueva
					",Cardiólogo,,,,
"
						 Teodoro Jose Quiñones Sanchez
					",Cardiólogo,,,,
"
						 Jorge Rodriguez Larrain Pendergast
					",Cardiólogo,,,,
"
						Dr. Miguel Andrade Mondoñedo
					",Cardiólogo,,,,
"
						 Alberto Javier Sattui Talledo
					",Cardiólogo,,,Lima,
"
						Dr. Rodolfo R. Barreto Farfán
					",Cardiólogo,,,,
"
						Dr. Guillermo Bustamante Novella
					",Cardiólogo,,,,
"
						Dr. Luis Alberto Orellana Vidaure
					",Cardiólogo,,,,
"
						 Victor Raul Lama Diaz
					",Cardiólogo,,,,
"
						 Ruben Marino Azañero Reyna
					",Cardiólogo,,,,
"
						 Walter Alfredo Paredes Vasquez
					",Cardiólogo,,,,
